sequence,fitness
TQGDCDNTCQSIDGCTGGYVAQPGMACQCG,0.8135970627268921
TQGDCDNTCQKIDGCTGGYVAQPGVACQCG,0.8124934113910791
NQGECDNTCSSITGCTGGYVAQPGMACQCG,0.8124613496654245
TQGECDNTCQSVEGCTGGYVAKPGMACQCG,0.8123416118818478
TQGDCDNTCDQITGCTGGYVAKPGMACQCG,0.8121393158700672
TQGDCDNTCQSVEGCTGGYVAQPGMACQCG,0.8111385519893425
TQGDCDNTCDSITGCTGGYVAKPGMACQCG,0.8110434214754603
DQGDCDNKCSEIDGCKGGYVAKPGMACQCG,0.8109374824444827
TQGDCDNTCQSIDGCTGGYVAQPGVACQCG,0.8108609581809143
NQGDCDNTCQSVEGCTGGYVPQPGMACQCG,0.8108527242187673
NQGDCDNTCQSVEGCTGGYVAKPGMACQCG,0.8108200104514485
DQGECDNTCSSITGCTGGYVAQPGMACQCG,0.8107173305523284
TQGECDNTCQSIEGCTGGYVAQPGVACQCG,0.8107145485736966
NQGDCDNTCQSIEGCTGGYVAQPGMACQCG,0.8105023734413098
NQGECDNTCSSITGCTGGYVAQPGVACQCG,0.8103371104916073
DQGDCDNTCQQVEGCTGGYVAKPGMACQCG,0.8103333185642658
NQGDCDNTCDSITGCTGGYVAKPGMACQCG,0.8103148094223717
NQGDCDNTCQSIDGCTGGYVAQPGMACQCG,0.8102059911711187
TQGECDNTCQSIEGCTGGYVAQPGMACQCG,0.8101274945887682
DQGECDNKCNSITGCTGGYVAKPGMACQCG,0.8101233286415299
TQGECDNTCQSIEGCTGGYVAKPGMACQCG,0.810111709806483
TQGDCDNTCDSVEGCTGGYVAQPGMACQCG,0.8100896359898053
NQGECDNKCSSITGCTGGYVAQPGMACQCG,0.8100473010937413
DQGDCDNTCQSVEGCTGGYVAKPGMACQCG,0.8100168400991004
TQGDCDNTCQSIEGCTGGYVAKPGMACQCG,0.8099988453862732
DQGECDNKCNQITGCTGGYVAKPGMACQCG,0.8099934862968127
NQGDCDNTCSSITGCTGGHVAKPGMACQCG,0.8099272000912394
DQGECDNKCSSIEGCTGGYVAKPGMACQCG,0.8098306508967591
DQGECDNKCSSITGCTGGYVAQPGMACQCG,0.8097912704705578
DQGDCDNKCSSITGCTGGYVAKPGMACQCG,0.8097838579148515
NQGDCDNTCQSIEGCTGGYVAKPGMACQCG,0.8097271981866437
NQGDCDNTCQSVEGCTGGYVAQPGMACQCG,0.8096439965804361
TQGDCDNTCQSIEGCTGGYVAQPGVACQCG,0.8096072181790179
DQGECDNKCNQIDGCTGGYVAKPGMACQCG,0.8096066738370954
SQGDCDNTCDTITGCTGGYVAKPGMACQCG,0.8096042370732622
NQGDCDNTCQQIEGCTGGYVAQPGMACQCG,0.8096012794623018
TQGDCDNTCQSIDGCTGGYVAKPGMACQCG,0.8095852460270672
DQGDCDNKCSEIDGCTGGYVAKPGMACQCG,0.8095113534442163
TQGDCDNTCQQIDGCTGGYVAKPGMACQCG,0.8093524866726277
TQGECDNTCQSIEGCTGGYVAKPGVACQCG,0.8092868038969336
TQGDCDNTCQQIDGCNGGYVAKPGMACQCG,0.8092740676551518
TQGDCDNTCESIDGCTGGYVAQPGMACQCG,0.8090723955636967
TQGDCDNTCSSITGCTGGYVAKPGMACQCG,0.8090545910985362
TQGDCDTTCQQIDGCTGGYVAQPGMACQCG,0.8090422142520926
NQGDCDNKCSSITGCTGGYVAKPGMACQCG,0.8090247179988269
NQGDCDNKCKQIDGCKGGYVAKPGMACQCG,0.80890519286417
NQGDCDNTCSSIEGCTGGYVAQPGMACQCG,0.8088379144218556
DQGECDNQCSSITGCTGGYVASPGMACQCG,0.808837029689687
NQGECDNTCQSVEGCTGGYVAQPGMACQCG,0.8088090628685617
NQGDCDNKCSSITGCTGGHVAKPGMACQCG,0.8087817912827634
DQGECDNTCQSVEGCTGGYVASPGMACQCG,0.8087652085123702
TQGECDNTCQSVEGCTGGYVAKPGIACQCG,0.8087646754939641
DQGECDNKCNQIDGCSGGYVAKPGMACQCG,0.8087232631342345
NQGDCDNTCQSIDGCTGGHVAKPGMACQCG,0.8086214210178826
NQGDCDNQCQSVEGCTGGYVAKPGMACQCG,0.8085361051473853
DQGDCDNKCSSIEGCTGGYVAKPGMACQCG,0.8085079516010698
TQGDCDNTCQSIQGCTGGYVAKPGVACQCG,0.8085008405873912
NQGDCDNTCQSIQGCTGGYVAKPGMACQCG,0.8084499306858196
TQGDCDNTCSSIEGCTGGYVAKPGMACQCG,0.8083943929168811
DQGDCDNTCQSIEGCTGGYVAKPGMACQCG,0.8083189604471723
TQGECDNTCDSITGCTGGYVAKPGMACQCG,0.8083077143960256
TQGDCDNTCQSIEGCTGGYVAKPGVACQCG,0.8083058970735076
DQGECDNKCSSIEGCTGGYAAKPGMACQCG,0.8082434683451095
DQGDCDNKCSDIEGCTGGYVAKPGMACQCG,0.8081374476062403
DQGDCQNTCQSIQGCTGGYVAKPGMACQCG,0.8081160693851807
NQGDCNNKCSSITGCQGGYVAKPGMACQCG,0.808079705500909
NQGECDNTCSSITGCTGGYIAKPGMACQCG,0.8080560896314106
NQGECDNKCSSITGCTGGYIAQPGMACQCG,0.8080483775300363
NQGECDNKCSSITGCTGGYVAKPGMACQCG,0.8080396799980005
NQGDCDNTCQSIDGCTGGYVAKPGMACQCG,0.8080132590507637
DQGECDNKCNSITGCTGGYVAQPGMACQCG,0.8079954460077459
DQGDCDNTCQSIQGCTGGYVAKPGMACQCG,0.8079393482449911
NQGDCDNKCSSITGCQGGYVAKPGMACQCG,0.8079117630665221
DQGECDNKCSEIDGCKGGYVAKPGMACQCG,0.8079052874702005
DQGDCDNKCNQITGCTGGYVAKPGMACQCG,0.8078952098187149
